"id","number","client","dispatcher","driver","car"
"1","3571876","Roman","Roman","Ivan","456789"
"2","6677598","Elevator","Roman","Gosha","456789"
"3","5854091","Roman","Roman","Gosha","123456"
"4","5785231","Roman","Roman","Ivan","456789"
"5","6994749","Roman","Roman","Gosha","123456"
"6","1455038","Roman","Roman","Ivan","456789"
"7","9222671","Roman","Roman","Ivan","123456"
"8","9807782","Elevator","Roman","Ivan","123456"
"9","3471331","Elevator","Roman","Ivan","456789"
"10","9440822","Elevator","Roman","Ivan","123456"
"11","7775040","Roman","Roman","Ivan","456789"
"12","1512220","Roman","Roman","Gosha","123456"
"13","4423143","Roman","Roman","Ivan","456789"
"14","6274012","Roman","Roman","Gosha","123456"
"15","1897700","Roman","Roman","Ivan","456789"
"16","6401444","Roman","Roman","Gosha","123456"
"17","2813087","Roman","Roman","Ivan","456789"
"18","1905261","Roman","Roman","Gosha","123456"
"19","1706927","Roman","Roman","Ivan","456789"
"20","1494745","Roman","Roman","Ivan","456789"
"21","7529185","Roman","Roman","Ivan","456789"
"22","7018486","Roman","Roman","Ivan","456789"
"23","2774169","Roman","Roman","Ivan","456789"
"24","1474452","Roman","Roman","Ivan","456789"
"25","4066053","Roman","Roman","Ivan","456789"
"26","1628718","Roman","Roman","Ivan","456789"
"27","3844800","Roman","Roman","Ivan","456789"
"28","9572594","Roman","Roman","Ivan","456789"
"29","1074708","Roman","Roman","Ivan","456789"
